{
  "best_metric": 0.6328502415458938,
  "best_model_checkpoint": "./results\\checkpoint-2000",
  "epoch": 0.27831895352073477,
  "eval_steps": 1000,
  "global_step": 2000,
  "is_hyper_param_search": false,
  "is_local_process_zero": true,
  "is_world_process_zero": true,
  "log_history": [
    {
      "epoch": 0.13915947676036738,
      "grad_norm": 35.616432189941406,
      "learning_rate": 1.7216810464792655e-05,
      "loss": 1.048,
      "step": 1000
    },
    {
      "epoch": 0.13915947676036738,
      "eval_accuracy": 0.5603864734299517,
      "eval_loss": 0.9488389492034912,
      "eval_runtime": 155.4026,
      "eval_samples_per_second": 5.328,
      "eval_steps_per_second": 2.664,
      "step": 1000
    },
    {
      "epoch": 0.27831895352073477,
      "grad_norm": 56.77339553833008,
      "learning_rate": 1.4433620929585305e-05,
      "loss": 0.8658,
      "step": 2000
    },
    {
      "epoch": 0.27831895352073477,
      "eval_accuracy": 0.6328502415458938,
      "eval_loss": 0.8188943862915039,
      "eval_runtime": 155.2225,
      "eval_samples_per_second": 5.334,
      "eval_steps_per_second": 2.667,
      "step": 2000
    }
  ],
  "logging_steps": 1000,
  "max_steps": 7186,
  "num_input_tokens_seen": 0,
  "num_train_epochs": 1,
  "save_steps": 1000,
  "stateful_callbacks": {
    "TrainerControl": {
      "args": {
        "should_epoch_stop": false,
        "should_evaluate": false,
        "should_log": false,
        "should_save": true,
        "should_training_stop": false
      },
      "attributes": {}
    }
  },
  "total_flos": 1050207584256000.0,
  "train_batch_size": 8,
  "trial_name": null,
  "trial_params": null
}
